{"cameraMode":{"drawMode":0,"name":"Shaded","section":"Shading Mode"},"sceneLighting":false,"audioPlay":false,"sceneViewState":{"m_AlwaysRefresh":false,"showFog":false,"showSkybox":false,"showFlares":false,"showImageEffects":false,"showParticleSystems":false,"showVisualEffectGraphs":true,"m_FxEnabled":true},"in2DMode":false,"pivot":{"x":0.09357643127441406,"y":0.9165041446685791,"z":-2.1400063037872316},"rotation":{"x":-0.051313675940036777,"y":0.8187896013259888,"z":0.5670353174209595,"w":0.07415914535522461},"size":4.6799845695495609,"orthographic":false}