{"cameraMode":{"drawMode":0,"name":"Shaded","section":"Shading Mode"},"sceneLighting":false,"audioPlay":false,"sceneViewState":{"m_AlwaysRefresh":false,"showFog":false,"showSkybox":false,"showFlares":false,"showImageEffects":false,"showParticleSystems":false,"showVisualEffectGraphs":true,"m_FxEnabled":true},"in2DMode":false,"pivot":{"x":-0.0006957054138183594,"y":0.8627128601074219,"z":-0.0005708485841751099},"rotation":{"x":-0.11755270510911942,"y":0.8784255385398865,"z":-0.27925682067871096,"w":-0.36971521377563479},"size":1.2239179611206055,"orthographic":false}