{"cameraMode":{"drawMode":0,"name":"Shaded","section":"Shading Mode"},"sceneLighting":false,"audioPlay":false,"sceneViewState":{"m_AlwaysRefresh":false,"showFog":true,"showSkybox":false,"showFlares":true,"showImageEffects":true,"showParticleSystems":true,"showVisualEffectGraphs":true,"m_FxEnabled":true},"in2DMode":false,"pivot":{"x":0.09357643127441406,"y":0.9165041446685791,"z":-2.1400063037872316},"rotation":{"x":0.07322890311479569,"y":-0.11822456121444702,"z":0.008719859644770623,"w":0.9902923703193665},"size":4.6799845695495609,"orthographic":true}