{"cameraMode":{"drawMode":0,"name":"Shaded","section":"Shading Mode"},"sceneLighting":false,"audioPlay":false,"sceneViewState":{"m_AlwaysRefresh":false,"showFog":false,"showSkybox":false,"showFlares":false,"showImageEffects":false,"showParticleSystems":false,"showVisualEffectGraphs":true,"m_FxEnabled":true},"in2DMode":false,"pivot":{"x":-0.5441011190414429,"y":-0.9864100217819214,"z":-3.0947329998016359},"rotation":{"x":-0.026503847911953927,"y":0.9707080125808716,"z":-0.20264574885368348,"w":-0.12678645551204682},"size":2.7537922859191896,"orthographic":false}